from	to	
TomH	ThatThingYouDo	
JamesM	VforVendetta	
JamesM	NinjaAssassin	
TomT	CloudAtlas	
NoraE	SleeplessInSeattle	
NoraE	YouveGotMail	
WernerH	RescueDawn	
MilosF	OneFlewOvertheCuckoosNest	
RonH	TheDaVinciCode	
RonH	FrostNixon	
RonH	Apollo13	
AndyW	TheMatrix	
AndyW	TheMatrixRevolutions	
AndyW	SpeedRacer	
AndyW	CloudAtlas	
AndyW	TheMatrixReloaded	
VincentW	WhatDreamsMayCome	
FrankD	TheGreenMile	
RobertL	JohnnyMnemonic	
TonyS	TopGun	
CameronC	JerryMaguire	
DannyD	Hoffa	
PennyM	ALeagueofTheirOwn	
RobR	AFewGoodMen	
RobR	StandByMe	
RobR	WhenHarryMetSally	
ScottH	SnowFallingonCedars	
ClintE	Unforgiven	
Taylor	TheDevilsAdvocate	
JamesB	AsGoodAsItGets	
JohnS	JoeVersustheVolcano	
RobertZ	ThePolarExpress	
RobertZ	CastAway	
Howard	TheReplacements	
NancyM	SomethingsGottaGive	
LanaW	TheMatrix	
LanaW	TheMatrixRevolutions	
LanaW	SpeedRacer	
LanaW	CloudAtlas	
LanaW	TheMatrixReloaded	
MikeN	TheBirdcage	
MikeN	CharlieWilsonsWar	
ChrisC	BicentennialMan	
JanB	Twister	
