from	to	
ChristianB	TomC	
CubaG	TomH	
JimB	TomH	
NaomieH	TomC	
GregK	JessicaThompson	
ReneeZ	AndyW	
JamesThompson	MegR	
AngelaScope	JoelS	
JuliaR	Gene	
DavidM	Hugo	
IceT	JimB	
JamesM	DannyD	
JamesM	PennyM	
EdH	Keanu	
YeoJeongJo	ChristinaR	
ZazieBeetz	MegR	
JohnC	RosieO	
ReginaK	Carrie	
TomT	FrankD	
TomT	MegR	
KellyP	BenM	
Hugo	JoelS	
GaryS	JoelS	
Keanu	BenM	
AudreyT	CubaG	
MichaelS	JoelS	
NoraE	AndyW	
NoraE	LanaW	
KieferS	JackN	
SunKyunLee	CubaG	
KevinB	TomH	
WernerH	LanaW	
KellyM	BenM	
KangHoSong	TomC	
MilosF	JessicaThompson	
AaronS	Laurence	
DaveC	Carrie	
LivT	Hugo	
JohnH	CubaG	
RonH	LanaW	
StephenR	JackN	
AndyW	JamesM	
AndyW	RobR	
Al	CubaG	
JerryO	JackN	
RichardH	TomH	
NoahW	TomH	
VincentW	TomH	
VincentW	NoraE	
JimC	TomC	
JohnG	TomH	
FrankD	JohnS	
NatalieP	MegR	
JamesC	Gene	
ValK	JoelS	
ValK	TomC	
TonyS	RonH	
MaxS	CubaG	
BonnieH	DavidM	
BonnieH	Carrie	
MarshallB	JackN	
CameronC	JamesB	
AnnabellaS	JackN	
LoriP	Hugo	
BillPax	JackN	
ParkerP	Laurence	
Emil	JessicaThompson	
HelenH	JackN	
Takeshi	Laurence	
PhilipH	Laurence	
BillyC	Keanu	
Orlando	MaxS	
CoreyF	TomH	
VictorG	BenM	
Robin	TomH	
AnthonyE	Laurence	
AnthonyE	JackN	
SoDamPark	MegR	
SusanS	BenM	
SusanS	PatriciaC	
RiverP	Gene	
CarrieF	TomH	
WooSikChoi	TomH	
Madonna	Keanu	
Rain	Keanu	
Rain	Laurence	
FrankL	TomT	
ChristopherG	Laurence	
RobR	Keanu	
ScottH	LanaW	
Gene	JessicaThompson	
ClintE	Keanu	
ClintE	NancyM	
Nathan	JessicaThompson	
JonathanL	MegR	
Charlize	MegR	
Taylor	AndyW	
JamesB	ClintE	
RobertZ	TomT	
RobertZ	RobertL	
PaulBlythe	JoelS	
RosieO	TomH	
TomS	TomH	
JohnR	Gene	
ChristinaR	Laurence	
IanM	TomH	
PatriciaC	BenM	
Howard	AndyW	
JackN	TomH	
HalleB	TomH	
DemiM	Carrie	
WilW	Gene	
EthanH	Carrie	
OliverP	KellyP	
ZachG	BenM	
SteveZ	CubaG	
RobertDeNiro	JoelS	
LanaW	JoelS	
LanaW	JanB	
KevinP	Keanu	
Dina	TomH	
JoaquinPhoenix	BenM	
SamR	Hugo	
PaulB	JessicaThompson	
JTW	Hugo	
MikeN	NoraE	
MikeN	JessicaThompson	
MatthewF	CubaG	
RitaW	Keanu	
Brooke	Keanu	
DianeK	JoelS	
ChrisC	RobertZ	
RickY	JessicaThompson	
GeenaD	CubaG	
EmileH	JackN	
BillPull	TomH	
JayM	CubaG	
JanB	RobertZ	
MichaelD	MegR	
